<?xml version="1.0" encoding="UTF-8" standalone="yes"?>
<addon id="plugin.video.starmovies.org" name="Star Movies" version="6.4.0" provider-name="Luis Rodrigues">
	<extension point="xbmc.python.pluginsource" library="addon.py">
		<provides>video</provides>
	</extension>
	<extension point="kodi.context.item">
		<menu id="kodi.core.main">
			<item library="context.py">
				<label>30010</label>
				<visible>StringCompare(Container.Content,movies) | StringCompare(Container.Content,tvshows)</visible>
			</item>
		</menu>
	</extension>
	<extension point="xbmc.service" library="service.py" />
	<extension point="xbmc.addon.metadata">
		<summary lang="en_GB">Star Movies</summary>
		<summary lang="en_US">Star Movies</summary>
		<summary lang="en_AU">Star Movies</summary>
		<summary lang="en_NZ">Star Movies</summary>
		<description lang="en_GB">A Kodi Addon to display and manage Starmovies.org lists and ratings</description>
		<description lang="en_US">A Kodi Addon to display and manage Starmovies.org lists and ratings</description>
		<description lang="en_AU">A Kodi Addon to display and manage Starmovies.org lists and ratings</description>
		<description lang="en_NZ">A Kodi Addon to display and manage Starmovies.org lists and ratings</description>
		<disclaimer lang="en_GB"></disclaimer>
		<platform>all</platform>
		<license>GNU GENERAL PUBLIC LICENSE Version 3, 29 June 2007</license>
		<source>https://github.com/5-star/plugin.video.starmovies.org</source>
		<assets>
			<icon>icon.png</icon>
		</assets>
	</extension>
</addon>